video_id,title,description,channel_id,channel_name,published_at,category_id,duration,view_count,like_count,comment_count,dislike_count,dislike_count_available,tags,default_language,default_audio_language
ih1zwUpVd7k,TAMASHA SEASON 5 | EPISODE 38 | 14 SEP 2026 | REALITY SHOW | ARY DIGITAL,"Watch all the Episode of Tamasha S5 here : https://www.youtube.com/playlist?list=PLb2aaNHUy_gFnvw1smmSWWqyrGQtG0E3P

🔥 Pakistan’s BIGGEST reality show is BACK!

TAMASHA SEASON 5 | EPISODE 38 | 14 SEP 2026 | REALITY SHOW | ARY DIGITAL

Watch More : https://www.youtube.com/playlist?list=PLb2aaNHUy_gFnvw1smmSWWqyrGQtG0E3P

Cola Next Tamsha Season 5 presented by Brite,Powered by kashmir cooking oil and banaspati,Markhor Body Spray, VGO Tel and Inovative Frisky, our Official Tea Partner Tapal Danedar

New faces. New rivalries. New friendships. And a house where anything can happen! 

Tamasha S5 - Contestants:

▪️ Laila (Filmstar)
▪️Samiya Hijab 
▪️Yasir Alam
▪️Fasih Khalid
▪️Esra Ayesha
▪️Babrik Shah
▪️Zayb Khan
▪️Dr Zee Khan
▪️Rabia Javaid Sheikh
▪️Ramsha Salahuddin
▪️Hamza Joher
▪️King Hassan

Host: Adnan Siddiqui

Vote for Your Favorite Contestant! 🗳️
Download ARYPlus: https://qrco.de/aryplus

Watch Tamasha Ghar's 24/7 Uncut Feed exclusively on #ARYPlus & Tamasha Official YouTube! 

Click the link below to download ARY Plus APP🧩
 https://qr.aryplus.tv/aryplus

Visit 👉  http://aryplus.tv

📍Tamasha S5, Daily at 10:00 PM – Only on #ARYDigital  

Adapted From The Original Format Big Brother Distributed by Banijay Rights

#tamasha #season5 #adnansiddiqui #biggestrealityshowofpakistan #arydigital #pakistan #exclusive #uncut #realityshow",UC4JCksJF76g_MdzPVBJoC3Q,ARY Digital HD,2026-09-14T20:00:26Z,24,,1362794,18659,10753,,False,"Tamasha Season 5 episode 38,Tamasha Season 5 watch,watch Tamasha Season 5 episode 38,tamasha,tamasha Pakistani reality show,tamasha reality show,Pakistani reality show,ary,ary show tamasha,adnan Siddiqui,tamasha mega launch episode 38,tamasha launch episode 38,tamasha watch,tamasha 2026,Tamasha 2026 Premiere,Reality Show Mega Launch,Reality Show 2026,Best Pakistani Reality Show,new episode 36 of tamasha,tamasha new episode,tamasha episode,Episode Tamasha",en,ur
